ID,Area,XM,YM,Slice
1,344,717.012,380.663,3
2,380,1005.353,478.568,3
3,836,1218.636,14.940,4
4,842,1305.987,45.428,4
5,410,669.217,100.149,4
6,302,629.116,115.003,4
7,323,1362.159,134.243,4
8,358,1215.358,264.673,4
9,1000,1296.794,351.044,4
10,1277,1262.978,363.900,4
11,925,716.606,385.301,4
12,480,745.185,377.208,4
13,1130,1017.585,486.982,4
14,778,1053.157,482.833,4
15,449,437.395,532.126,4
16,579,135.172,809.229,4
17,386,187.117,972.290,4
18,372,324.930,959.820,4
19,454,185.097,35.185,5
20,961,1314.389,52.928,5
21,728,1260.988,43.096,5
22,455,1250.619,73.465,5
23,605,595.136,108.588,5
24,390,628.269,94.577,5
25,628,1375.927,139.908,5
26,562,1248.374,184.534,5
27,875,1200.147,231.009,5
28,396,1264.381,328.604,5
29,551,1296.897,353.480,5
30,1254,715.143,389.823,5
31,322,737.801,360.540,5
32,345,741.796,391.071,5
33,389,1056.153,504.878,5
34,346,958.084,511.434,5
35,390,442.300,518.123,5
36,464,1022.580,529.022,5
37,301,851.909,603.762,5
38,801,1094.333,792.366,5
39,591,1384.530,796.820,5
40,386,1347.215,905.946,5
41,362,692.970,903.669,5
42,307,299.396,966.904,5
43,858,1340.218,56.392,6
44,337,160.274,41.105,6
45,733,566.754,114.467,6
46,1635,1244.274,112.036,6
47,461,600.153,111.227,6
48,414,1385.548,150.901,6
49,366,1207.309,224.956,6
50,338,1275.044,383.959,6
51,566,715.836,423.495,6
52,423,744.699,411.176,6
53,359,1047.483,470.419,6
54,573,935.055,523.870,6
55,847,900.153,534.790,6
56,421,1036.823,515.160,6
57,571,1368.046,767.458,6
58,494,1239.951,801.779,6
59,356,1112.014,814.225,6
60,559,687.326,884.772,6
61,569,323.902,964.003,6
62,331,208.379,961.201,6
63,712,295.244,977.021,6
64,305,107.349,1023.316,6
65,320,1376.784,1032.156,6
66,546,153.130,35.346,7
67,893,1360.382,61.438,7
68,840,535.439,128.079,7
69,413,562.907,116.643,7
70,1757,1222.026,175.929,7
71,393,1275.187,238.887,7
72,415,728.828,291.780,7
73,444,871.347,311.874,7
74,493,700.577,303.038,7
75,336,1232.908,354.821,7
76,333,1276.908,375.182,7
77,529,710.241,430.634,7
78,575,683.276,445.345,7
79,369,1057.397,480.240,7
80,570,909.319,506.770,7
81,969,1345.021,752.745,7
82,462,1373.013,774.377,7
83,815,1274.662,787.361,7
84,953,1078.136,828.123,7
85,364,1110.607,814.635,7
86,369,700.459,857.161,7
87,476,223.113,904.250,7
88,947,1355.368,967.345,7
89,550,1373.258,999.373,7
90,659,1383.462,74.382,8
91,1003,518.863,145.548,8
92,761,542.779,135.765,8
93,509,1192.095,196.394,8
94,788,1160.994,207.374,8
95,796,745.089,266.494,8
96,480,775.333,262.823,8
97,323,1112.398,291.020,8
98,374,1281.920,352.241,8
99,345,699.854,440.384,8
100,460,1057.796,496.839,8
101,649,907.253,489.625,8
102,893,1372.502,711.833,8
103,1614,1327.009,736.373,8
104,847,1276.832,760.117,8
105,1016,1094.960,823.245,8
106,445,694.974,835.871,8
107,564,1312.174,857.137,8
108,860,239.599,888.901,8
109,798,1346.649,923.614,8
110,722,1365.953,957.860,8
111,613,304.004,981.898,8
112,577,1154.497,18.048,9
113,1295,508.505,152.310,9
114,805,532.428,145.146,9
115,710,1108.883,209.559,9
116,353,1141.143,201.809,9
117,548,801.916,229.892,9
118,785,771.629,235.845,9
119,505,1239.102,276.239,9
120,377,1111.779,290.516,9
121,381,971.776,300.211,9
122,612,1251.948,343.864,9
123,712,1229.139,375.670,9
124,438,897.562,471.735,9
125,870,1360.111,674.416,9
126,801,1353.408,707.399,9
127,587,1261.664,735.532,9
128,351,689.090,809.377,9
129,612,1120.451,833.353,9
130,709,1335.104,881.129,9
131,316,210.513,899.661,9
132,682,1360.452,919.117,9
133,365,293.955,1000.593,9
134,491,465.926,137.087,10
135,409,525.092,155.906,10
136,336,516.092,169.259,10
137,761,787.592,210.291,10
138,474,824.629,200.420,10
139,852,1066.656,235.526,10
140,536,1095.461,228.086,10
141,450,1258.544,302.398,10
142,704,1290.374,365.953,10
143,589,1246.661,368.468,10
144,663,901.342,455.452,10
145,520,1002.717,515.037,10
146,481,664.045,515.737,10
147,1764,1349.378,656.609,10
148,601,1262.891,710.097,10
149,672,1086.402,793.921,10
150,374,695.805,788.436,10
151,323,1279.392,842.825,10
152,1338,1351.719,865.037,10
153,608,253.648,881.268,10
154,517,1157.260,24.278,11
155,403,488.773,137.383,11
156,312,800.792,177.641,11
157,371,1090.204,209.966,11
158,665,1054.683,220.485,11
159,538,1272.160,299.494,11
160,768,1272.654,393.299,11
161,746,1234.513,418.728,11
162,317,887.062,454.156,11
163,625,659.401,549.007,11
164,1897,1345.470,626.278,11
165,571,1256.239,636.265,11
166,550,1256.360,674.036,11
167,709,713.287,767.102,11
168,455,1148.753,803.170,11
169,522,1317.577,823.389,11
170,525,1265.409,832.452,11
171,460,1374.267,843.059,11
172,868,272.381,864.097,11
173,335,341.533,991.425,11
174,524,1165.508,18.260,12
175,735,445.305,148.671,12
176,613,470.763,136.172,12
177,603,784.391,186.669,12
178,626,1066.240,216.476,12
179,304,1074.875,243.523,12
180,606,1256.810,416.531,12
181,715,1225.615,450.819,12
182,716,511.352,497.304,12
183,658,1015.825,558.670,12
184,634,638.793,573.248,12
185,2195,1340.058,592.048,12
186,833,1201.890,615.992,12
187,649,1219.460,647.452,12
188,928,730.725,752.296,12
189,322,1378.022,791.478,12
190,628,1257.839,841.459,12
191,603,293.014,829.137,12
192,410,1375.551,829.261,12
193,821,403.375,992.578,12
194,516,435.535,984.477,12
195,405,1174.925,16.401,13
196,712,447.074,145.893,13
197,695,473.129,134.286,13
198,793,814.984,190.433,13
199,688,786.048,202.576,13
200,576,1085.427,191.642,13
201,302,1044.344,223.666,13
202,342,918.181,426.266,13
203,706,1247.208,437.489,13
204,1049,1223.111,463.973,13
205,953,538.220,495.655,13
206,1851,1331.602,559.485,13
207,539,1016.851,591.468,13
208,828,649.461,590.626,13
209,867,1146.157,616.410,13
210,466,1181.717,627.494,13
211,718,738.315,742.128,13
212,420,1124.231,756.924,13
213,815,1075.085,802.677,13
214,350,277.829,805.683,13
215,520,1261.881,857.556,13
216,1076,411.834,993.563,13
217,680,438.724,988.043,13
218,721,473.291,132.188,14
219,670,446.664,145.140,14
220,648,1077.600,200.650,14
221,1162,789.963,215.745,14
222,811,1046.663,206.001,14
223,792,823.115,217.947,14
224,402,1357.430,267.913,14
225,442,911.314,417.104,14
226,376,1228.258,448.199,14
227,360,1187.703,480.169,14
228,605,560.326,504.961,14
229,502,1365.367,510.775,14
230,747,1310.741,539.222,14
231,326,654.914,547.500,14
232,728,1333.641,559.997,14
233,301,797.221,570.487,14
234,500,623.124,566.418,14
235,541,1033.110,602.938,14
236,678,1098.010,606.870,14
237,479,1150.571,609.168,14
238,722,754.206,721.691,14
239,373,1041.634,788.768,14
240,892,414.232,998.272,14
241,387,452.058,123.071,15
242,793,441.513,141.639,15
243,599,1058.862,126.144,15
244,386,480.417,130.785,15
245,442,1036.276,154.647,15
246,313,808.979,177.532,15
247,393,907.314,422.235,15
248,915,578.196,484.973,15
249,352,1220.690,471.332,15
250,934,1321.692,516.268,15
251,395,1378.677,491.563,15
252,856,649.498,531.589,15
253,316,681.358,526.478,15
254,641,1346.216,534.829,15
255,319,1089.064,554.745,15
256,374,797.644,574.003,15
257,495,1121.920,575.346,15
258,1598,1063.135,629.039,15
259,417,796.606,673.083,15
260,598,774.017,712.410,15
261,407,1086.271,727.264,15
262,339,387.748,1022.211,15
263,572,1061.302,115.675,16
264,529,454.250,122.441,16
265,782,444.719,143.147,16
266,400,480.930,138.520,16
267,395,1041.285,144.685,16
268,616,880.748,174.390,16
269,742,846.414,191.830,16
270,581,599.285,460.283,16
271,305,1343.880,450.877,16
272,561,1177.780,482.379,16
273,833,1138.909,503.319,16
274,768,674.113,498.198,16
275,851,1348.285,485.967,16
276,433,699.576,490.394,16
277,549,1066.476,623.418,16
278,431,1083.465,659.071,16
279,699,780.725,701.775,16
280,313,1247.791,836.161,16
281,389,191.335,28.438,17
282,495,1046.456,127.373,17
283,758,456.542,130.314,17
284,318,418.865,132.299,17
285,318,491.189,125.170,17
286,693,901.183,146.591,17
287,412,871.498,167.051,17
288,353,1382.092,425.775,17
289,562,601.014,439.443,17
290,887,696.143,470.413,17
291,322,726.621,466.037,17
292,773,1159.801,489.241,17
293,606,1356.092,460.647,17
294,1169,1116.643,509.049,17
295,462,1048.061,526.978,17
296,783,774.086,678.259,17
297,312,294.853,807.542,17
298,451,519.214,96.822,18
299,332,418.202,106.446,18
300,501,395.370,119.109,18
301,455,495.575,112.287,18
302,663,915.874,114.378,18
303,333,1082.014,121.410,18
304,539,891.058,139.593,18
305,355,1333.097,302.965,18
306,462,601.346,425.963,18
307,760,718.799,446.600,18
308,465,1349.803,423.771,18
309,371,756.745,445.697,18
310,783,1101.883,499.458,18
311,719,1149.312,495.494,18
312,354,1070.079,509.082,18
313,697,645.737,636.199,18
314,779,778.921,662.461,18
315,360,312.775,810.236,18
316,350,1202.626,9.583,19
317,477,536.236,67.328,19
318,519,512.138,79.986,19
319,939,953.595,95.658,19
320,352,384.335,95.082,19
321,389,359.009,105.742,19
322,551,918.061,110.317,19
323,422,1079.178,123.737,19
324,385,1344.287,372.064,19
325,576,769.285,421.128,19
326,634,1347.905,406.603,19
327,895,740.354,435.005,19
328,565,634.557,431.465,19
329,333,1381.833,494.539,19
330,304,1046.974,501.171,19
331,469,1148.543,511.758,19
332,330,1097.009,518.336,19
333,595,786.448,592.971,19
334,1235,646.043,631.189,19
335,355,779.277,651.703,19
336,391,1121.357,667.689,19
337,569,1234.094,880.470,19
338,567,283.315,900.445,19
339,390,573.205,51.967,20
340,513,547.822,67.212,20
341,704,965.162,86.952,20
342,774,940.061,104.928,20
343,544,329.011,110.642,20
344,487,1048.557,138.685,20
345,677,1352.795,369.614,20
346,855,795.645,418.981,20
347,913,754.949,414.245,20
348,485,1344.834,406.246,20
349,567,667.373,440.498,20
350,743,1002.760,514.135,20
351,514,960.393,519.660,20
352,916,1136.205,704.159,20
353,587,607.118,43.318,21
354,345,578.743,61.761,21
355,607,302.801,92.264,21
356,406,1024.943,110.865,21
357,660,988.121,125.589,21
358,805,1068.137,142.789,21
359,475,1346.521,370.692,21
360,422,797.618,372.069,21
361,695,765.722,385.376,21
362,498,681.462,461.582,21
363,726,974.771,513.207,21
364,479,932.091,521.669,21
365,476,814.246,630.126,21
366,896,1156.156,735.711,21
367,345,1195.926,752.717,21
368,751,8.757,986.669,21
369,688,647.935,32.622,22
370,450,265.144,70.200,22
371,301,155.271,83.387,22
372,375,1058.353,99.407,22
373,737,1022.927,117.713,22
374,417,1127.817,121.797,22
375,1078,1087.763,146.357,22
376,492,822.644,353.291,22
377,908,1357.642,376.750,22
378,764,785.412,365.818,22
379,641,1309.272,397.321,22
380,442,702.744,470.839,22
381,641,954.634,519.742,22
382,941,833.387,615.038,22
383,878,1186.073,753.565,22
384,756,679.024,19.708,23
385,392,240.370,41.051,23
386,334,271.189,29.542,23
387,414,643.862,41.829,23
388,377,1072.118,64.458,23
389,608,1047.836,92.470,23
390,637,1110.263,175.870,23
391,1176,1357.780,374.114,23
392,930,792.586,358.075,23
393,503,822.134,354.490,23
394,811,1311.114,394.543,23
395,727,732.076,464.105,23
396,816,788.278,465.183,23
397,542,933.812,513.581,23
398,777,840.232,633.469,23
399,745,1204.477,768.770,23
400,907,181.239,804.775,23
401,867,208.016,794.017,23
402,355,967.835,800.742,23
403,807,1245.526,844.437,23
404,531,1101.933,58.894,24
405,479,713.945,52.736,24
406,752,1068.565,80.359,24
407,1099,1352.286,374.583,24
408,637,744.605,466.561,24
409,805,786.916,474.604,24
410,666,925.111,533.931,24
411,300,1385.087,514.250,24
412,613,842.417,656.138,24
413,485,260.312,691.403,24
414,970,1221.706,788.056,24
415,954,204.839,799.006,24
416,1058,1256.694,827.313,24
417,765,178.577,810.445,24
418,316,961.272,795.715,24
419,339,1380.232,1028.119,24
420,504,1117.000,32.329,25
421,848,1087.874,53.756,25
422,531,707.227,80.001,25
423,960,790.235,477.569,25
424,821,755.563,488.716,25
425,580,906.878,543.619,25
426,300,1072.987,509.770,25
427,401,865.011,560.844,25
428,763,255.659,687.369,25
429,606,1229.391,761.779,25
430,908,1251.740,812.089,25
431,447,1207.493,810.149,25
432,795,175.159,812.274,25
433,859,202.478,801.131,25
434,337,1300.141,832.266,25
435,817,1101.930,33.867,26
436,493,704.944,133.307,26
437,687,746.279,242.714,26
438,490,772.943,227.447,26
439,1523,794.205,497.264,26
440,400,1061.102,502.660,26
441,469,898.091,548.110,26
442,559,289.566,686.466,26
443,461,1233.624,758.624,26
444,844,201.918,797.673,26
445,779,175.147,811.194,26
446,703,1116.409,19.839,27
447,411,723.035,129.038,27
448,408,688.583,147.419,27
449,785,747.506,237.734,27
450,639,786.611,479.079,27
451,394,1105.360,475.972,27
452,361,1053.046,494.370,27
453,402,309.468,726.261,27
454,1278,173.366,812.932,27
455,793,1226.331,795.795,27
456,344,208.547,819.235,27
457,494,1147.686,13.156,28
458,488,716.514,108.238,28
459,433,774.805,233.803,28
460,695,736.448,246.493,28
461,319,1308.030,385.817,28
462,338,739.402,446.453,28
463,439,1103.484,466.919,28
464,625,781.401,472.564,28
465,331,837.183,487.579,28
466,398,823.628,562.352,28
467,448,336.828,779.804,28
468,587,137.802,798.059,28
469,633,1247.007,806.067,28
470,309,1255.487,847.927,28
471,550,168.244,877.315,28
472,743,691.417,98.003,29
473,534,665.622,108.155,29
474,492,1128.819,88.561,29
475,359,768.130,195.494,29
476,563,722.546,212.369,29
477,361,1334.788,399.475,29
478,633,764.852,436.066,29
479,925,783.550,468.531,29
480,483,1043.529,467.606,29
481,827,948.235,730.213,29
482,695,128.192,756.107,29
483,693,1276.510,757.437,29
484,894,1240.428,795.252,29
485,398,319.399,808.111,29
486,507,1207.003,851.437,29
487,722,1163.374,859.271,29
488,827,134.932,881.991,29
489,346,626.090,16.988,30
490,339,658.444,10.925,30
491,388,696.673,30.201,30
492,325,1131.737,70.377,30
493,339,1337.550,398.400,30
494,366,784.194,420.287,30
495,837,783.169,462.745,30
496,487,1042.566,459.646,30
497,862,1219.415,777.303,30
498,545,961.461,764.689,30
499,480,150.271,782.081,30
500,853,1126.514,831.352,30
501,453,1165.451,844.683,30
502,365,142.875,844.755,30
503,550,1290.378,1018.595,30
504,689,630.474,33.964,31
505,316,652.316,26.193,31
506,418,716.280,29.756,31
507,515,1072.908,59.273,31
508,371,1096.309,88.519,31
509,326,727.264,146.334,31
510,329,1344.506,395.394,31
511,511,1047.931,447.842,31
512,397,1297.419,437.054,31
513,432,761.956,460.583,31
514,389,842.045,663.544,31
515,698,1210.562,762.470,31
516,673,182.146,783.445,31
517,671,970.358,785.332,31
518,542,1071.410,820.068,31
519,567,1118.096,820.962,31
520,363,126.552,819.566,31
521,665,963.840,855.614,31
522,377,1265.256,1017.182,31
523,376,1304.830,1031.540,31
524,447,744.303,22.594,32
525,384,656.492,31.758,32
526,457,1065.281,41.804,32
527,625,614.745,50.852,32
528,450,585.384,71.547,32
529,408,720.235,130.353,32
530,450,1354.078,398.516,32
531,650,1309.212,429.814,32
532,531,1057.189,449.306,32
533,622,756.333,449.169,32
534,375,804.916,485.036,32
535,318,1262.651,710.780,32
536,944,1212.724,746.885,32
537,701,213.851,767.379,32
538,1257,1046.996,816.563,32
539,303,971.153,798.104,32
540,558,1091.991,819.258,32
541,463,1289.645,1025.040,32
542,434,746.159,20.484,33
543,701,787.316,12.751,33
544,1241,1062.515,17.704,33
545,378,1252.146,9.270,33
546,423,682.940,31.838,33
547,319,574.472,63.691,33
548,529,548.020,82.647,33
549,406,703.310,123.256,33
550,597,1355.386,396.865,33
551,457,1303.730,420.714,33
552,428,1132.780,432.643,33
553,1316,774.786,463.584,33
554,805,1075.373,452.383,33
555,591,844.121,588.070,33
556,677,1209.832,733.887,33
557,659,250.373,765.482,33
558,777,1086.622,809.500,33
559,1710,1042.487,827.607,33
560,409,235.830,870.143,33
561,640,1296.203,963.850,33
562,837,1286.733,995.398,33
563,673,713.206,15.726,34
564,408,780.713,19.647,34
565,436,804.204,18.190,34
566,968,1059.827,10.596,34
567,719,1251.999,20.340,34
568,418,682.531,34.258,34
569,413,553.498,73.481,34
570,386,679.604,132.671,34
571,516,1352.455,398.661,34
572,480,1090.579,427.208,34
573,439,753.530,459.967,34
574,304,1076.424,463.289,34
575,603,797.621,496.581,34
576,498,858.351,580.739,34
577,459,869.772,634.999,34
578,705,1214.510,742.248,34
579,698,276.159,763.239,34
580,1608,1034.134,835.486,34
581,318,1061.912,793.336,34
582,742,944.267,862.806,34
583,597,255.954,879.745,34
584,557,1328.793,949.888,34
585,771,1302.115,976.012,34
586,554,1026.505,20.023,35
587,492,1263.004,12.642,35
588,358,529.763,77.542,35
589,620,657.889,128.371,35
590,524,624.574,140.384,35
591,445,1350.693,400.401,35
592,530,1100.083,434.692,35
593,950,788.859,515.584,35
594,772,750.918,548.389,35
595,377,865.492,581.956,35
596,592,808.946,639.086,35
597,364,731.918,643.750,35
598,401,864.261,641.238,35
599,1103,1231.313,743.880,35
600,608,295.814,749.184,35
601,395,63.244,798.161,35
602,1078,1027.893,841.394,35
603,481,936.126,854.639,35
604,399,288.558,883.668,35
605,838,1344.813,941.259,35
606,1005,1317.451,958.760,35
607,554,358.578,998.951,35
608,520,1280.848,19.544,36
609,506,145.966,41.439,36
610,580,518.529,96.260,36
611,818,638.048,120.924,36
612,405,604.349,141.848,36
613,316,1340.316,410.022,36
614,1047,1112.026,456.815,36
615,340,1162.197,463.824,36
616,916,781.073,529.428,36
617,450,725.309,539.336,36
618,320,806.688,620.481,36
619,693,697.079,633.631,36
620,431,735.486,650.094,36
621,968,1229.913,733.312,36
622,659,299.905,756.916,36
623,386,60.609,794.907,36
624,847,1010.862,827.210,36
625,917,1101.790,833.893,36
626,748,1362.559,939.158,36
627,906,1325.095,952.735,36
628,376,302.394,1004.223,36
629,368,16.886,10.660,37
630,598,1306.227,24.639,37
631,514,1342.784,18.305,37
632,529,143.443,37.768,37
633,731,620.142,120.657,37
634,987,499.372,108.970,37
635,373,584.747,130.374,37
636,411,855.449,143.928,37
637,370,1276.273,158.616,37
638,598,8.348,274.931,37
639,331,35.059,262.597,37
640,324,1175.685,278.139,37
641,400,735.838,283.010,37
642,504,734.423,384.871,37
643,396,1333.318,428.336,37
644,457,318.833,425.218,37
645,433,1177.920,455.258,37
646,695,1122.247,460.199,37
647,1099,747.753,532.939,37
648,747,708.835,544.606,37
649,1888,699.535,620.383,37
650,313,602.299,650.478,37
651,493,818.804,679.220,37
652,971,1239.989,732.377,37
653,569,318.767,753.113,37
654,889,1000.290,828.891,37
655,1087,1133.688,848.529,37
656,413,1181.742,842.878,37
657,676,1384.231,929.166,37
658,992,1352.236,939.200,37
659,465,804.995,993.730,37
660,369,345.860,1009.018,37
661,483,304.115,1013.920,37
662,386,483.780,1015.531,37
663,316,68.570,10.342,38
664,323,1038.862,19.816,38
665,512,1347.822,10.617,38
666,583,610.437,118.749,38
667,966,499.359,117.522,38
668,465,856.113,144.556,38
669,460,39.983,291.063,38
670,382,1172.801,290.599,38
671,476,65.099,291.223,38
672,306,1379.974,382.552,38
673,316,733.703,383.953,38
674,570,1319.911,446.482,38
675,554,321.310,423.218,38
676,644,1195.307,456.654,38
677,865,1148.001,458.308,38
678,416,737.481,464.772,38
679,336,788.935,465.554,38
680,1747,729.672,524.971,38
681,2988,695.447,599.119,38
682,359,725.790,648.784,38
683,643,880.942,679.206,38
684,393,826.047,677.307,38
685,344,638.637,686.939,38
686,786,1243.872,734.665,38
687,418,354.524,744.232,38
688,717,322.860,757.316,38
689,466,1008.680,824.155,38
690,695,1216.162,851.625,38
691,998,1168.968,854.556,38
692,1183,1369.309,929.342,38
693,328,286.884,937.305,38
694,810,330.165,1001.623,38
695,373,807.028,991.562,38
696,547,1018.463,19.270,39
697,497,1367.566,9.768,39
698,682,126.095,33.409,39
699,735,95.631,46.353,39
700,1154,498.258,129.686,39
701,319,589.738,113.139,39
702,300,454.653,177.770,39
703,771,65.635,298.097,39
704,439,1173.003,287.466,39
705,358,657.693,315.453,39
706,318,1386.028,376.365,39
707,944,1164.582,460.648,39
708,480,1320.438,450.973,39
709,558,1210.826,456.699,39
710,806,779.117,480.407,39
711,1369,726.921,532.367,39
712,732,684.653,547.279,39
713,328,726.585,646.680,39
714,334,888.207,684.338,39
715,404,1267.200,689.109,39
716,384,813.023,712.771,39
717,436,1250.401,741.851,39
718,500,1387.082,810.866,39
719,883,1215.327,863.965,39
720,739,351.049,999.258,39
721,458,1017.581,21.991,40
722,475,1274.020,10.380,40
723,640,1372.472,13.466,40
724,593,149.923,42.220,40
725,554,590.106,97.861,40
726,801,152.400,94.756,40
727,707,117.371,110.533,40
728,444,507.369,139.200,40
729,343,483.684,138.864,40
730,356,462.952,177.320,40
731,391,660.416,325.763,40
732,432,1317.683,445.637,40
733,906,1171.283,479.589,40
734,510,1219.586,489.261,40
735,1329,721.413,522.995,40
736,442,780.760,498.638,40
737,345,668.935,531.335,40
738,714,873.801,697.108,40
739,1117,828.650,713.407,40
740,346,1270.361,689.335,40
741,302,1281.364,746.238,40
742,1051,1368.962,800.208,40
743,936,1252.908,868.971,40
744,614,378.386,1015.262,40
745,456,1010.654,20.794,41
746,607,1300.403,7.633,41
747,782,1363.460,9.526,41
748,387,146.580,39.753,41
749,420,1284.450,43.719,41
750,510,576.845,92.975,41
751,475,174.460,108.603,41
752,827,143.773,127.423,41
753,628,476.384,161.032,41
754,350,663.529,333.689,41
755,302,1312.430,433.871,41
756,499,1230.374,502.897,41
757,925,1170.117,510.831,41
758,848,729.827,519.591,41
759,1128,835.637,712.354,41
760,519,1271.448,698.259,41
761,491,1287.856,742.913,41
762,906,1355.181,783.313,41
763,440,83.002,802.414,41
764,873,1291.422,887.174,41
765,448,405.685,1020.830,41
766,517,841.541,10.040,42
767,929,992.755,27.463,42
768,388,1357.832,4.405,42
769,706,1316.620,32.224,42
770,325,965.374,48.282,42
771,319,571.274,93.553,42
772,472,499.403,107.322,42
773,655,187.027,124.326,42
774,353,472.013,124.055,42
775,502,105.910,324.426,42
776,375,96.185,352.252,42
777,354,719.910,515.407,42
778,1541,1188.111,536.380,42
779,451,793.090,655.549,42
780,743,1294.131,691.797,42
781,1034,835.260,714.830,42
782,486,860.909,699.660,42
783,708,1296.692,734.079,42
784,394,1349.525,777.652,42
785,852,1329.229,920.781,42
786,642,1370.970,934.215,42
787,411,419.021,1021.641,42
788,500,317.130,1013.464,42
789,886,821.490,15.698,43
790,1109,990.480,33.031,43
791,307,792.637,33.549,43
792,641,967.054,49.361,43
793,740,1329.647,64.473,43
794,1066,223.870,110.969,43
795,503,481.912,97.971,43
796,416,792.810,237.072,43
797,309,1315.691,447.348,43
798,777,714.676,531.020,43
799,506,1185.209,517.986,43
800,659,1184.171,558.250,43
801,563,763.349,562.948,43
802,994,780.171,627.977,43
803,2063,835.242,704.338,43
804,1813,1321.064,712.680,43
805,871,1357.080,937.417,43
806,363,430.136,1025.161,43
807,979,816.365,20.272,44
808,626,986.658,11.176,44
809,368,954.655,35.003,44
810,1136,240.258,107.642,44
811,497,537.214,107.961,44
812,588,1338.716,90.301,44
813,540,796.393,222.167,44
814,317,1167.733,290.011,44
815,379,707.392,515.146,44
816,359,1181.745,523.656,44
817,307,1220.871,528.790,44
818,335,1147.575,555.691,44
819,498,772.048,572.414,44
820,365,942.064,607.927,44
821,367,767.920,603.699,44
822,1537,793.782,674.369,44
823,1450,862.790,688.172,44
824,417,907.363,696.963,44
825,1836,1317.492,711.848,44
826,362,247.923,847.470,44
827,647,1375.651,976.716,44
828,1095,811.320,15.308,45
829,368,960.913,38.492,45
830,644,247.803,98.697,45
831,556,536.399,101.011,45
832,496,476.778,98.831,45
833,307,1360.116,115.292,45
834,380,1327.934,156.974,45
835,300,801.480,201.943,45
836,542,1192.629,538.568,45
837,1591,761.015,584.468,45
838,923,767.272,659.620,45
839,561,924.140,676.299,45
840,1191,882.394,689.053,45
841,761,834.518,685.786,45
842,2240,1302.062,715.798,45
843,566,1345.205,702.539,45
844,1086,812.299,12.830,46
845,400,962.792,26.290,46
846,312,536.606,88.455,46
847,367,46.026,107.522,46
848,493,461.080,111.618,46
849,428,1355.117,137.098,46
850,591,842.481,145.752,46
851,515,654.502,535.267,46
852,494,1187.970,549.441,46
853,620,1149.950,583.560,46
854,625,753.191,579.950,46
855,490,644.500,595.180,46
856,1055,763.807,654.263,46
857,682,944.912,648.971,46
858,1485,913.210,678.751,46
859,849,864.640,702.330,46
860,2170,1317.733,714.851,46
861,920,1264.582,738.388,46
862,304,720.263,713.908,46
863,308,1235.948,865.575,46
864,741,139.917,26.281,47
865,902,165.690,13.224,47
866,932,813.286,12.806,47
867,574,471.183,125.305,47
868,409,837.434,135.256,47
869,714,1341.392,164.366,47
870,353,1351.902,197.259,47
871,403,741.837,522.172,47
872,496,678.710,532.448,47
873,604,1179.869,561.374,47
874,393,1134.999,597.075,47
875,528,648.426,595.462,47
876,630,968.698,628.646,47
877,1264,937.756,642.578,47
878,1305,767.145,657.872,47
879,741,900.119,697.437,47
880,476,1377.450,684.061,47
881,439,934.279,696.833,47
882,1323,1333.988,705.570,47
883,349,721.153,719.417,47
884,460,1266.302,720.280,47
885,418,1275.878,760.809,47
886,520,1335.804,785.481,47
887,437,1340.665,1035.850,47
888,913,169.514,18.580,48
889,800,815.016,10.869,48
890,730,145.082,31.170,48
891,484,51.946,116.366,48
892,457,826.793,125.550,48
893,592,475.257,127.610,48
894,322,448.776,152.211,48
895,690,1353.045,180.523,48
896,319,697.785,301.252,48
897,855,752.257,526.518,48
898,587,701.899,536.261,48
899,706,1173.405,573.358,48
900,1391,947.572,635.143,48
901,560,1137.011,610.432,48
902,467,970.037,618.772,48
903,1462,771.839,669.899,48
904,883,935.729,677.869,48
905,761,1366.614,650.271,48
906,830,1347.711,677.634,48
907,451,1239.651,745.562,48
908,941,1321.246,772.873,48
909,401,1340.258,1027.161,48
910,594,813.766,9.557,49
911,466,996.888,10.015,49
912,881,162.688,25.253,49
913,712,137.975,38.600,49
914,1017,470.125,126.056,49
915,435,816.530,114.263,49
916,332,563.286,114.048,49
917,795,1350.427,195.793,49
918,593,713.851,536.561,49
919,435,764.017,552.845,49
920,840,948.187,567.986,49
921,694,1160.553,587.974,49
922,844,1127.153,619.274,49
923,1018,988.806,653.370,49
924,592,795.331,647.275,49
925,1697,1347.371,645.664,49
926,1181,961.556,675.061,49
927,1199,769.970,677.101,49
928,769,1242.207,768.367,49
929,701,1325.981,777.557,49
930,384,813.951,7.615,50
931,463,995.513,11.584,50
932,1151,164.331,39.087,50
933,646,131.989,51.601,50
934,1287,498.423,110.425,50
935,483,576.846,114.962,50
936,481,810.354,111.215,50
937,635,1354.662,206.905,50
938,646,722.590,538.104,50
939,377,1010.964,531.667,50
940,773,973.896,545.425,50
941,405,772.809,560.332,50
942,630,1165.051,604.800,50
943,775,1121.274,627.500,50
944,1718,1354.028,641.693,50
945,1084,998.878,653.337,50
946,1371,976.757,672.005,50
947,892,764.630,677.974,50
948,673,1284.720,709.301,50
949,1024,1259.479,736.063,50
950,645,1336.188,776.793,50
951,300,813.940,5.520,51
952,660,991.148,15.736,51
953,714,103.669,71.793,51
954,545,130.783,65.806,51
955,525,530.790,100.262,51
956,501,504.698,113.354,51
957,591,586.815,118.486,51
958,393,43.930,132.457,51
959,525,1362.226,216.820,51
960,469,1034.579,508.479,51
961,858,998.677,519.501,51
962,347,739.532,550.171,51
963,505,780.993,568.456,51
964,1779,1355.246,621.062,51
965,414,1165.633,620.671,51
966,570,1004.377,636.212,51
967,594,1105.170,634.362,51
968,1060,796.500,668.565,51
969,527,989.509,691.083,51
970,814,957.826,705.883,51
971,1684,1305.285,715.419,51
972,443,1344.069,771.222,51
973,353,1016.899,829.242,51
974,449,977.992,834.311,51
975,529,113.445,1012.893,51
976,705,82.572,41.018,52
977,438,106.404,30.454,52
978,320,1366.128,36.609,52
979,405,549.648,104.414,52
980,457,583.130,129.023,52
981,486,602.374,126.691,52
982,311,1371.947,229.539,52
983,448,1053.955,482.062,52
984,953,1022.578,499.378,52
985,684,753.637,570.259,52
986,301,1383.420,591.161,52
987,700,757.029,618.659,52
988,882,1354.289,617.075,52
989,580,1091.853,634.288,52
990,590,1009.517,643.839,52
991,400,870.550,651.820,52
992,1030,821.595,661.542,52
993,724,1357.475,679.709,52
994,1115,1325.672,699.758,52
995,579,950.255,712.944,52
996,629,917.909,729.737,52
997,489,1346.792,782.572,52
998,304,1018.161,833.562,52
999,634,1322.516,33.112,53
1000,355,1379.114,6.815,53
1001,476,90.046,15.882,53
1002,1108,84.511,29.038,53
1003,319,1008.707,25.660,53
1004,644,603.339,135.427,53
1005,495,1346.498,240.973,53
1006,677,1025.853,482.209,53
1007,311,761.150,570.950,53
1008,949,763.744,621.726,53
1009,701,1362.654,611.566,53
1010,711,1082.864,632.752,53
1011,520,1010.062,652.294,53
1012,877,1373.027,660.432,53
1013,853,1343.335,684.922,53
1014,433,911.070,733.752,53
1015,655,875.984,744.610,53
1016,573,1352.586,786.938,53
1017,392,1015.270,833.245,53
1018,591,930.686,856.832,53
1019,320,118.909,995.256,53
1020,370,1006.727,30.430,54
1021,657,96.130,43.751,54
1022,508,115.091,40.642,54
1023,306,855.389,83.069,54
1024,475,1336.976,255.003,54
1025,335,1085.721,445.196,54
1026,757,1050.411,462.542,54
1027,390,1239.659,507.608,54
1028,1757,1351.170,593.354,54
1029,531,1376.202,572.517,54
1030,1098,757.103,616.714,54
1031,392,1073.459,640.130,54
1032,853,1354.595,655.208,54
1033,430,1013.126,667.495,54
1034,525,879.866,749.456,54
1035,818,853.325,770.401,54
1036,499,1355.358,790.859,54
1037,490,931.178,860.198,54
1038,322,1286.320,991.478,54
1039,461,546.719,1025.233,54
1040,511,1377.966,22.723,55
1041,462,89.145,51.452,55
1042,999,120.515,53.357,55
1043,573,1002.542,51.010,55
1044,450,143.116,54.676,55
1045,487,544.527,109.868,55
1046,444,1094.185,423.851,55
1047,836,1059.974,442.641,55
1048,387,1231.087,505.035,55
1049,488,1375.662,535.387,55
1050,777,1320.936,556.226,55
1051,920,736.152,608.605,55
1052,337,1342.093,577.550,55
1053,590,691.349,617.144,55
1054,323,1382.429,580.955,55
1055,995,1364.592,626.239,55
1056,329,594.655,627.932,55
1057,454,1069.319,654.009,55
1058,490,1015.988,679.100,55
1059,514,837.128,739.665,55
1060,851,805.246,756.392,55
1061,520,1358.588,799.613,55
1062,678,187.506,823.158,55
1063,347,945.151,830.808,55
1064,605,1280.249,972.533,55
1065,470,558.736,1023.421,55
1066,381,1375.799,33.133,56
1067,1336,130.965,36.461,56
1068,501,1004.003,62.496,56
1069,572,581.579,72.729,56
1070,912,143.174,75.362,56
1071,489,1113.909,404.903,56
1072,850,1076.581,426.471,56
1073,330,1227.467,502.636,56
1074,1652,1360.277,584.357,56
1075,775,1330.020,548.392,56
1076,1648,732.667,635.982,56
1077,435,683.169,646.093,56
1078,745,793.850,658.764,56
1079,593,1066.352,657.546,56
1080,531,1016.400,685.935,56
1081,310,743.697,719.287,56
1082,373,811.050,743.202,56
1083,790,773.696,755.911,56
1084,687,1280.835,961.528,56
1085,333,1331.713,960.215,56
1086,646,568.322,1012.409,56
1087,725,1371.739,47.514,57
1088,434,1003.021,69.774,57
1089,617,170.931,59.690,57
1090,1025,141.218,93.541,57
1091,319,1104.832,238.575,57
1092,433,1127.112,393.555,57
1093,1001,1091.103,416.294,57
1094,411,1218.936,508.001,57
1095,933,1325.854,527.886,57
1096,850,1353.371,529.333,57
1097,1812,722.889,637.246,57
1098,684,1374.545,609.946,57
1099,381,618.713,608.014,57
1100,1076,1348.151,643.640,57
1101,373,594.288,620.387,57
1102,840,783.837,657.860,57
1103,966,1040.539,658.177,57
1104,1328,1006.701,678.575,57
1105,708,748.965,726.360,57
1106,909,754.390,800.958,57
1107,556,786.723,803.390,57
1108,347,1358.128,809.007,57
1109,306,942.088,832.346,57
1110,697,1285.280,957.979,57
1111,442,1330.867,958.038,57
1112,302,293.407,971.404,57
1113,490,577.249,1011.992,57
1114,538,96.162,1014.914,57
1115,682,1364.507,63.977,58
1116,620,568.245,67.437,58
1117,774,184.632,79.460,58
1118,305,1003.716,82.267,58
1119,534,140.968,135.670,58
1120,524,169.027,126.198,58
1121,946,1096.181,410.634,58
1122,735,1341.839,477.908,58
1123,968,1307.992,490.764,58
1124,765,591.118,602.961,58
1125,370,618.343,599.241,58
1126,1387,713.771,642.899,58
1127,1071,1358.113,638.014,58
1128,1146,773.502,667.086,58
1129,980,1329.780,662.052,58
1130,1475,1025.829,670.529,58
1131,911,743.559,728.586,58
1132,466,965.725,789.998,58
1133,646,728.308,819.401,58
1134,799,701.531,831.412,58
1135,588,1290.406,957.423,58
1136,421,300.479,964.517,58
1137,423,1333.063,956.779,58
1138,348,101.362,1013.483,58
1139,348,70.489,1024.563,58
1140,698,1352.138,70.213,59
1141,475,192.142,102.146,59
1142,362,575.939,144.282,59
1143,634,194.631,148.902,59
1144,595,165.653,161.260,59
1145,379,1314.537,298.468,59
1146,1009,1113.278,398.593,59
1147,757,1295.034,470.640,59
1148,810,1262.156,476.548,59
1149,317,1202.298,515.437,59
1150,2389,729.281,667.669,59
1151,477,606.578,606.305,59
1152,965,786.555,671.348,59
1153,1521,1318.704,661.618,59
1154,1715,1025.639,668.616,59
1155,319,1139.553,658.409,59
1156,1375,710.579,848.934,59
1157,568,1297.898,952.632,59
1158,385,616.097,1007.695,59
1159,629,831.525,47.319,60
1160,749,1342.843,82.297,60
1161,826,193.895,117.931,60
1162,441,198.999,174.992,60
1163,651,174.078,185.469,60
1164,328,1316.088,298.686,60
1165,417,1176.687,355.800,60
1166,747,1134.319,374.112,60
1167,920,1239.880,474.892,60
1168,760,1274.059,474.903,60
1169,404,1197.433,522.681,60
1170,453,608.613,598.619,60
1171,1084,693.730,635.473,60
1172,1349,738.731,649.932,60
1173,2656,1015.797,672.964,60
1174,849,1306.769,670.760,60
1175,1140,1276.245,689.386,60
1176,431,745.198,738.354,60
1177,1180,980.484,825.043,60
1178,493,954.447,851.214,60
1179,322,934.866,889.252,60
1180,472,715.822,905.413,60
1181,866,1303.796,932.458,60
1182,679,830.580,45.468,61
1183,879,1336.173,77.065,61
1184,345,545.343,93.943,61
1185,600,173.278,142.970,61
1186,631,202.153,129.948,61
1187,311,581.349,145.558,61
1188,467,164.900,180.753,61
1189,673,143.854,191.779,61
1190,320,1140.156,360.378,61
1191,717,1250.103,479.158,61
1192,1399,1207.982,496.048,61
1193,321,607.279,595.805,61
1194,539,968.632,637.424,61
1195,1131,704.948,654.004,61
1196,439,927.297,654.288,61
1197,1110,1240.494,676.359,61
1198,784,1277.158,666.545,61
1199,1642,752.282,668.139,61
1200,425,1064.735,726.989,61
1201,440,745.975,751.998,61
1202,549,1052.425,758.708,61
1203,1173,973.466,836.266,61
1204,668,954.105,857.296,61
1205,443,741.328,895.809,61
1206,674,643.970,975.757,61
1207,345,154.932,16.645,62
1208,864,831.839,35.541,62
1209,850,1331.393,77.219,62
1210,399,1001.440,82.618,62
1211,564,1273.131,94.722,62
1212,338,950.302,93.109,62
1213,458,584.627,145.127,62
1214,504,201.518,151.512,62
1215,456,131.175,196.090,62
1216,590,110.776,209.558,62
1217,344,1363.520,282.128,62
1218,1025,1182.274,347.340,62
1219,488,1222.113,331.631,62
1220,980,1231.144,483.818,62
1221,1641,1196.922,497.423,62
1222,401,1151.183,620.131,62
1223,724,1252.652,655.204,62
1224,779,1210.467,662.091,62
1225,397,951.576,639.596,62
1226,1879,771.242,675.341,62
1227,910,721.642,667.066,62
1228,435,905.079,660.921,62
1229,305,738.933,671.451,62
1230,368,752.003,767.255,62
1231,721,1078.316,770.457,62
1232,401,1064.348,804.996,62
1233,1051,958.199,857.147,62
1234,398,943.085,870.889,62
1235,470,907.028,908.917,62
1236,398,1290.739,923.975,62
1237,683,704.289,940.512,62
1238,660,657.050,968.350,62
1239,595,1150.972,1029.821,62
1240,768,832.332,30.214,63
1241,864,1327.347,72.774,63
1242,914,1276.392,104.394,63
1243,515,946.195,103.498,63
1244,498,993.839,112.428,63
1245,508,588.754,146.031,63
1246,666,193.395,173.893,63
1247,443,160.331,187.872,63
1248,460,140.374,230.526,63
1249,570,118.528,241.279,63
1250,544,1253.706,323.283,63
1251,1020,1215.275,337.727,63
1252,1046,1214.280,487.202,63
1253,1696,1181.794,499.918,63
1254,357,1132.934,525.197,63
1255,590,1136.073,622.175,63
1256,863,893.470,645.017,63
1257,745,1178.441,650.947,63
1258,648,1219.236,652.384,63
1259,1514,784.265,694.367,63
1260,406,711.857,691.773,63
1261,312,815.705,689.436,63
1262,765,1086.662,800.975,63
1263,512,978.430,864.754,63
1264,623,943.805,871.811,63
1265,679,889.659,901.394,63
1266,1106,1304.696,910.146,63
1267,394,763.548,931.754,63
1268,1081,715.876,945.482,63
1269,698,664.448,969.649,63
1270,996,837.238,22.537,64
1271,523,1322.861,59.263,64
1272,421,252.745,69.272,64
1273,538,989.898,126.238,64
1274,541,596.970,146.202,64
1275,532,125.917,278.868,64
1276,479,150.621,270.080,64
1277,929,1234.572,319.607,64
1278,688,1274.301,307.427,64
1279,347,686.604,306.388,64
1280,1094,1160.807,518.181,64
1281,763,1199.689,505.716,64
1282,576,1117.257,529.191,64
1283,331,611.944,578.624,64
1284,596,1132.094,623.854,64
1285,854,1158.684,649.767,64
1286,345,879.828,621.442,64
1287,721,1197.662,649.521,64
1288,322,1067.217,645.283,64
1289,305,747.539,655.946,64
1290,1281,783.934,706.528,64
1291,432,813.870,691.650,64
1292,313,710.851,707.219,64
1293,727,1097.800,827.329,64
1294,571,973.283,855.118,64
1295,433,940.170,873.756,64
1296,351,1281.597,879.862,64
1297,454,1314.385,911.782,64
1298,999,722.091,939.650,64
1299,308,767.695,924.396,64
1300,620,662.398,964.889,64
1301,1024,839.337,18.209,65
1302,426,1323.263,56.261,65
1303,529,254.092,72.525,65
1304,310,1254.077,78.526,65
1305,503,602.413,140.035,65
1306,306,25.105,196.510,65
1307,681,103.255,303.071,65
1308,838,1242.558,314.391,65
1309,531,1286.756,309.903,65
1310,309,126.099,295.487,65
1311,1788,1145.268,515.601,65
1312,946,1179.363,510.216,65
1313,1044,1095.977,512.682,65
1314,302,608.821,573.695,65
1315,597,875.631,591.460,65
1316,858,1137.446,629.237,65
1317,655,1187.033,630.060,65
1318,806,1077.706,651.976,65
1319,462,742.965,668.271,65
1320,749,808.449,687.923,65
1321,1286,796.392,713.009,65
1322,551,973.039,853.277,65
1323,571,1101.878,857.461,65
1324,444,773.191,922.577,65
1325,896,725.920,928.910,65
1326,389,1183.716,1027.225,65
1327,688,839.493,15.906,66
1328,556,258.932,75.317,66
1329,946,1249.268,313.963,66
1330,677,1286.501,306.213,66
1331,985,105.198,313.011,66
1332,342,700.064,303.357,66
1333,642,1172.858,474.864,66
1334,1565,1141.970,501.401,66
1335,690,1092.075,519.980,66
1336,465,604.218,559.504,66
1337,599,801.063,569.824,66
1338,541,842.097,570.631,66
1339,1755,1151.108,601.208,66
1340,767,1081.606,647.835,66
1341,1742,803.564,700.662,66
1342,569,843.419,683.435,66
1343,393,718.872,685.902,66
1344,566,1116.862,877.654,66
1345,455,775.797,916.682,66
1346,951,728.618,927.208,66
1347,368,662.750,960.193,66
1348,355,1182.979,1029.168,66
1349,854,846.931,13.021,67
1350,301,1340.736,47.367,67
1351,635,144.634,196.719,67
1352,336,1370.860,257.491,67
1353,995,1285.695,293.593,67
1354,1379,1254.453,307.938,67
1355,308,739.006,287.299,67
1356,359,139.358,339.188,67
1357,383,1146.359,448.521,67
1358,2030,1134.392,493.212,67
1359,669,1068.391,507.651,67
1360,355,1196.976,538.897,67
1361,560,807.077,565.764,67
1362,468,599.748,555.635,67
1363,436,761.401,578.807,67
1364,901,1160.186,574.125,67
1365,378,1127.019,599.537,67
1366,633,1076.633,641.154,67
1367,692,888.909,664.448,67
1368,1120,863.237,681.154,67
1369,550,765.273,683.964,67
1370,409,737.757,679.221,67
1371,607,835.668,745.917,67
1372,348,927.819,872.805,67
1373,364,1282.349,893.978,67
1374,571,775.808,910.479,67
1375,475,1118.138,894.662,67
1376,818,732.502,921.780,67
1377,597,847.942,10.505,68
1378,354,777.715,42.794,68
1379,402,1270.652,75.199,68
1380,412,151.871,205.871,68
1381,378,1312.489,275.204,68
1382,1013,1290.912,298.331,68
1383,813,1254.804,293.146,68
1384,344,743.866,291.747,68
1385,336,144.708,343.092,68
1386,394,1262.330,350.025,68
1387,558,1175.805,462.839,68
1388,1422,1118.733,487.337,68
1389,718,770.219,561.057,68
1390,411,596.690,555.580,68
1391,457,732.482,558.795,68
1392,760,1173.342,555.736,68
1393,752,1073.697,630.084,68
1394,1626,899.105,706.669,68
1395,569,943.115,683.314,68
1396,564,743.207,677.500,68
1397,903,851.477,744.699,68
1398,360,1248.169,830.294,68
1399,477,971.586,877.657,68
1400,300,1275.567,871.060,68
1401,639,778.121,906.400,68
1402,788,740.421,920.223,68
1403,324,1099.633,957.577,68
1404,668,858.630,10.448,69
1405,505,1221.767,12.205,69
1406,519,1288.525,90.355,69
1407,322,643.484,115.385,69
1408,668,982.010,154.437,69
1409,545,927.748,140.228,69
1410,508,742.154,295.431,69
1411,302,1270.719,355.010,69
1412,1281,1108.637,483.020,69
1413,400,1165.855,455.845,69
1414,329,1056.269,523.464,69
1415,495,753.573,541.852,69
1416,355,708.762,542.745,69
1417,874,1177.055,535.693,69
1418,388,594.521,550.503,69
1419,462,1070.942,632.087,69
1420,944,937.596,693.782,69
1421,633,735.513,676.015,69
1422,334,978.213,691.018,69
1423,736,853.952,753.909,69
1424,665,899.082,748.634,69
1425,362,1242.724,833.950,69
1426,562,967.144,869.607,69
1427,382,1267.322,855.225,69
1428,406,873.919,885.879,69
1429,667,782.824,900.440,69
1430,1046,743.723,910.325,69
1431,605,1118.872,968.158,69
1432,446,1175.081,1022.538,69
1433,494,860.354,7.947,70
1434,953,1188.899,27.859,70
1435,497,1231.657,16.681,70
1436,411,790.583,39.746,70
1437,746,1284.918,75.902,70
1438,676,929.954,137.678,70
1439,578,984.995,140.488,70
1440,582,744.052,299.134,70
1441,312,164.763,368.660,70
1442,402,185.701,366.522,70
1443,435,1110.911,431.174,70
1444,1102,1097.511,493.005,70
1445,366,1223.650,485.459,70
1446,365,1028.944,504.692,70
1447,927,1187.713,519.312,70
1448,550,745.960,532.713,70
1449,856,716.364,549.893,70
1450,349,593.385,549.529,70
1451,577,769.391,604.789,70
1452,396,957.705,708.692,70
1453,733,920.818,727.898,70
1454,553,973.786,842.070,70
1455,573,1261.079,838.177,70
1456,392,1234.457,826.906,70
1457,505,880.439,885.696,70
1458,584,794.051,891.346,70
1459,751,753.597,904.782,70
1460,639,1095.406,971.164,70
1461,559,1077.511,1000.182,70
1462,333,866.890,6.230,71
1463,872,1198.834,30.643,71
1464,1053,1168.639,51.479,71
1465,528,1289.928,89.970,71
1466,325,650.315,112.992,71
1467,730,936.800,141.389,71
1468,532,987.938,148.622,71
1469,405,878.675,162.641,71
1470,483,1001.063,191.175,71
1471,534,1340.601,281.483,71
1472,557,741.778,301.550,71
1473,550,188.395,387.573,71
1474,521,168.650,402.867,71
1475,883,1079.283,506.382,71
1476,435,1238.902,479.569,71
1477,441,1039.563,503.802,71
1478,783,1197.510,507.178,71
1479,2051,747.625,604.610,71
1480,457,782.218,583.139,71
1481,881,634.500,628.531,71
1482,506,1071.960,641.765,71
1483,499,704.767,670.296,71
1484,729,934.080,729.195,71
1485,1573,896.445,750.735,71
1486,732,1255.056,822.934,71
1487,703,965.223,838.043,71
1488,516,874.481,867.422,71
1489,524,806.870,887.574,71
1490,717,763.133,912.738,71
1491,541,1098.905,986.701,71
1492,531,1065.163,1012.265,71
1493,532,806.835,44.855,72
1494,833,1184.417,54.863,72
1495,843,1148.289,76.744,72
1496,1078,1003.468,165.095,72
1497,785,946.280,158.924,72
1498,463,875.252,165.660,72
1499,779,1345.123,260.578,72
1500,816,752.025,306.227,72
1501,742,1143.119,407.469,72
1502,544,1099.917,405.853,72
1503,495,197.256,401.538,72
1504,546,173.205,414.117,72
1505,473,1256.232,470.508,72
1506,975,1067.471,507.288,72
1507,1003,1208.486,495.938,72
1508,817,1027.081,507.457,72
1509,778,805.434,541.105,72
1510,2220,757.068,602.174,72
1511,379,1140.328,620.416,72
1512,716,626.369,630.584,72
1513,411,1064.454,645.159,72
1514,709,928.005,757.975,72
1515,2975,908.223,796.959,72
1516,511,1375.114,802.539,72
1517,405,1235.675,823.680,72
1518,420,874.548,883.790,72
1519,345,815.329,886.343,72
1520,495,774.647,909.815,72
1521,489,1097.696,996.868,72
1522,502,1066.171,1020.335,72
1523,432,1181.259,1026.169,72
1524,400,805.238,34.442,73
1525,841,1157.992,75.389,73
1526,1327,1119.925,104.428,73
1527,348,258.431,113.063,73
1528,339,610.783,122.119,73
1529,1201,950.807,160.045,73
1530,1333,1003.066,163.979,73
1531,303,864.837,166.569,73
1532,473,121.255,195.430,73
1533,705,1350.506,257.059,73
1534,933,736.691,307.085,73
1535,653,1127.093,405.518,73
1536,431,1078.920,409.045,73
1537,346,743.543,401.156,73
1538,441,173.282,416.364,73
1539,614,1258.106,462.298,73
1540,1071,1215.704,479.454,73
1541,850,1057.565,502.362,73
1542,370,1004.792,509.259,73
1543,1277,792.284,552.653,73
1544,520,837.092,553.650,73
1545,1722,722.044,639.780,73
1546,353,1124.528,620.296,73
1547,735,1042.422,640.154,73
1548,523,618.919,629.695,73
1549,320,670.678,647.316,73
1550,318,703.695,756.399,73
1551,846,909.674,779.587,73
1552,1584,850.233,799.455,73
1553,536,1374.812,803.735,73
1554,554,926.173,807.529,73
1555,710,1229.966,816.970,73
1556,461,801.522,821.671,73
1557,355,1120.793,823.810,73
1558,2597,920.294,880.635,73
1559,379,817.307,885.471,73
1560,345,933.459,874.216,73
1561,1033,771.619,909.972,73
1562,327,813.430,1014.543,73
1563,448,112.018,1026.460,73
1564,432,1087.861,1021.979,73
1565,468,1178.288,1025.434,73
